{
  "PQ_Neoplastic": 0.20122645531280958,
  "PQ_Inflammatory": 0.18918260853558755,
  "PQ_Connective": 0.12744938523493532,
  "PQ_Dead": 0.08183717395740486,
  "PQ_Epithelial": 0.189956105965253,
  "mPQ": 0.15793034580119808,
  "F1_detection": 0.3254717361991425,
  "fold": 3,
  "best_epoch": 30,
  "best_val_loss": 2.240942867760806
}