{
  "PQ_Neoplastic": 0.1638181169979735,
  "PQ_Inflammatory": 0.16286162579223226,
  "PQ_Connective": 0.09983134251399835,
  "PQ_Dead": 0.032422894729084134,
  "PQ_Epithelial": 0.15122075661870904,
  "mPQ": 0.12203094733039946,
  "F1_detection": 0.3058992703580749,
  "fold": 2,
  "best_epoch": 30,
  "best_val_loss": 2.0101189541816713
}