{
  "PQ_Neoplastic": 0.19271346508078732,
  "PQ_Inflammatory": 0.17461365733358963,
  "PQ_Connective": 0.12533660467071964,
  "PQ_Dead": 0.06944870166325245,
  "PQ_Epithelial": 0.17130631596418888,
  "mPQ": 0.14668374894250757,
  "F1_detection": 0.31343080747923546,
  "fold": 1,
  "best_epoch": 29,
  "best_val_loss": 2.306476071937797
}